k-aN,playerA,playerB,original_beta_diff,new_beta_diff_refit,indices,playerA_Name,playerB_Name,prop_both,prop_one,prop_neither
"(1, 9)",17,0,0.03365783604990017,-0.0012388871146928558,[ 2370  3227 38242 10155 11353 17714 18638 19742 32828],gpt-4-0125-preview,gpt-4-1106-preview,1.0,0.0,0.0
"(3, 24)",7,31,0.2132132330351283,-0.007985048942084516,"[24342 29361 38576 36203 12188 15215  3643 36863 27987  2443 14012 12035
 17662  9137  4812 15290 15514 27250 36462   469 32825  7193 27463 34265]",gpt-4-0314,qwen1.5-72b-chat,0.0,1.0,0.0
"(5, 5)",31,39,0.03657306106365754,-0.00615664236957858,[ 9754 19106 20511  9565 26870],qwen1.5-72b-chat,mistral-medium,0.0,1.0,0.0
"(10, 3)",40,5,0.011066418306820314,-0.0020685804166893362,[16514   601  7082],yi-34b-chat,gemini-pro,1.0,0.0,0.0
"(20, 2)",57,20,0.015632264920975247,-0.01379039709834684,[ 2783 22323],nous-hermes-2-mixtral-8x7b-dpo,vicuna-33b,0.0,1.0,0.0
