k-aN,playerA,playerB,original_beta_diff,new_beta_diff_refit,indices,playerA_Name,playerB_Name,prop_both,prop_one,prop_neither
"(1, 4)",25,0,0.0138378073615229,-0.004433233431111,[1977 1796  823 1069],gpt-4-0125-preview,gpt-4-1106-preview,1.0,0.0,0.0
"(3, 15)",22,43,0.1606107576384703,-0.0005652617887471,"[22886 26632 33446 31675 13794  7375 32166 25601 13680 11507 15159 16105
 16276 31866 24294]",gpt-4-0314,qwen1.5-72b-chat,0.0,1.0,0.0
"(5, 10)",43,8,0.0920873022068236,-0.0061705225265227,[2193 1084 1636 4485 3098 1113 4005 4004 2361 4057],qwen1.5-72b-chat,mistral-medium,0.0,1.0,0.0
"(10, 2)",3,9,0.0067796958940593,-0.0001376295132644,[ 149 4412],gemini-pro,mixtral-8x7b-instruct-v0.1,0.0,1.0,0.0
"(20, 2)",4,26,0.0055446243032615,-0.001987224981665,[7858 8478],claude-instant-1,pplx-70b-online,0.0,1.0,0.0
