matchup,betaDiff,numMatchesDropped,dataset
"(16, None)",0.03365783604990017,9,Human-Judge
"(6, 30)",0.2132132330351283,24,Human-Judge
"(30, 38)",0.03657306106365754,5,Human-Judge
"(39, 4)",0.011066418306820314,3,Human-Judge
"(3, 25)",0.005544624303261525,2,Human-Judge
"(24, None)",0.013837807361522918,4,LLM-Judge
"(21, 42)",0.16061075763847033,15,LLM-Judge
"(42, 7)",0.0920873022068236,10,LLM-Judge
"(2, 8)",0.006779695894059357,2,LLM-Judge
