competitor,rating,standard_error,ci_lower,ci_upper,ci_method,rank
gpt-4,1309.372321696296,9.084998507547649,1291.5660518219024,1327.1785915706896,gao_local,1
gpt-3.5-turbo,1239.5157758518847,7.237106445837044,1225.3313078657613,1253.700243838008,gao_local,2
claude-v1,1238.583275322191,8.822575627904547,1221.2913448406173,1255.8752058037649,gao_local,3
vicuna-13b-v1.2,1122.7697859580924,8.143703244757129,1106.8084208975865,1138.7311510185982,gao_local,4
alpaca-13b,1000.0,9.173367678257229,982.020529733672,1017.979470266328,gao_local,5
llama-13b,881.0251534821361,10.61856207405797,860.2131542493796,901.8371527148927,gao_local,6
