competitor,rating,standard_error,ci_lower,ci_upper,ci_method,rank
gpt-4,1309.730357492461,9.086529441942092,1291.9210870417917,1327.5396279431302,gao_local,1
claude-v1,1244.0311503816174,8.848426691016689,1226.6885527473817,1261.373748015853,gao_local,2
gpt-3.5-turbo,1236.552268304948,7.223835476829086,1222.3938109401204,1250.710725669776,gao_local,3
vicuna-13b-v1.2,1122.6398906074733,8.142111578243597,1106.6816451560094,1138.5981360589374,gao_local,4
alpaca-13b,1000.0,9.172533571757072,982.0221645523716,1017.9778354476284,gao_local,5
llama-13b,881.3679204544414,10.62036110063805,860.5523951943807,902.1834457145021,gao_local,6
