competitor,rating,standard_error,ci_lower,ci_upper,ci_method,rank
gpt-4,1309.3729197087273,9.085073952489418,1291.566501964965,1327.1793374524896,gao_local,1
gpt-3.5-turbo,1239.2890641781296,7.296564198818338,1224.988061137561,1253.5900672186976,gao_local,2
claude-v1,1238.9573429439624,8.934596628883204,1221.4458553349584,1256.4688305529667,gao_local,3
vicuna-13b-v1.2,1122.713519872755,8.14364507532578,1106.7522688222396,1138.6747709232704,gao_local,4
alpaca-13b,1000.0,9.173106995916907,982.0210406616704,1017.9789593383296,gao_local,5
llama-13b,881.0085765641293,10.619060960913806,860.195599531103,901.8215535971557,gao_local,6
