competitor,rating,standard_error,ci_lower,ci_upper,ci_method,rank
gpt-4,1308.4621895894638,9.088090077624722,1290.6498603490634,1326.274518829864,gao_local,1
gpt-3.5-turbo,1250.8646616482224,7.298593627617061,1236.5596810002994,1265.1696422961454,gao_local,2
claude-v1,1218.816876123445,8.749247682293845,1201.6686657743285,1235.9650864725613,gao_local,3
vicuna-13b-v1.2,1123.3315046478867,8.154810578162552,1107.3483696139417,1139.3146396818315,gao_local,4
alpaca-13b,1000.0,9.180046705170113,982.007439081471,1017.992560918529,gao_local,5
llama-13b,879.7147680829823,10.613716613409135,858.912265778586,900.5172703873786,gao_local,6
