competitor,rating,standard_error,ci_lower,ci_upper,ci_method,rank
gpt-4,1308.5239448459247,9.090366362501506,1290.7071541691475,1326.340735522702,gao_local,1
gpt-3.5-turbo,1251.4421299744938,7.742051190047734,1236.2679884755348,1266.6162714734528,gao_local,2
claude-v1,1217.5375086711786,9.53224669979747,1198.8546484478247,1236.2203688945324,gao_local,3
vicuna-13b-v1.2,1123.2834724716631,8.155773750537465,1107.2984496545523,1139.2684952887737,gao_local,4
alpaca-13b,1000.0,9.179993361286678,982.0075436335613,1017.9924563664387,gao_local,5
llama-13b,879.5390963607114,10.614157227224881,858.7357304691052,900.3424622523177,gao_local,6
