dataset_key,dataset_name,max_actions,baseline_alpha,our_alpha,alpha_match,baseline_met,our_met,met_match,baseline_pair,our_pair,pair_match,baseline_initial_value,our_initial_value,initial_match,baseline_final_value,our_final_value,final_match,baseline_indices,our_indices,indices_match
llm_judge_arena,Chatbot Arena LLM Judges,500,17,16,False,True,True,True,"('gpt-4-1106-preview', 'gpt-4-0125-preview')","('gpt-4-1106-preview', 'gpt-4-0125-preview')",True,0.031038508999997383,0.031038508999997383,True,-0.00010791053700553999,-0.00038773858975371667,False,"[45329, 79340, 8532, 6193, 80248, 68646, 55826, 48279, 60595, 40205, 726, 90143, 52080, 59569, 46990, 55345, 5407]","[45329, 79340, 8532, 6193, 80248, 68646, 55826, 48279, 60595, 40205, 726, 90143, 52080, 59569, 46990, 55345, 5407, 53007, 9631, 3069, 58470, 29402, 95267, 30310, 56131, 5888, 18708, 96928, 2142, 10657, 98217, 50664]",False
