dataset_key,dataset_name,max_actions,baseline_alpha,our_alpha,alpha_match,baseline_met,our_met,met_match,baseline_pair,our_pair,pair_match,baseline_initial_value,our_initial_value,initial_match,baseline_final_value,our_final_value,final_match,baseline_indices,our_indices,indices_match
webdev_arena,WebDev Arena,1051,28,18,False,True,True,True,"('llama-v3.3-70b-instruct', 'claude-3-5-sonnet-20241022')","('llama-v3.3-70b-instruct', 'claude-3-5-sonnet-20241022')",True,-2.2993221764976695,-2.2993221764976695,True,0.013003370538675157,0.006618811993769336,False,"[17665, 18040, 9112, 6489, 7539, 19613, 7711, 18212, 4596, 12316, 12590, 1815, 3885, 2414, 12915, 19254, 6446, 6542, 15384, 8753, 4883, 17043, 16947, 2889, 13390, 9272, 19773, 14054]","[17665, 18040, 9112, 6489, 7539, 19613, 7711, 18212, 4596, 12316, 12590, 1815, 3885, 2414, 12915, 19254, 6446, 6542, 15384, 8753, 4883, 17043, 16947, 2889, 13390, 9272, 19773, 14054, 12013, 3553, 7164, 16990, 15097, 2089, 14386, 1512]",False
