player,player_index,skill,rating,player_influence_signed,player_influence_abs,fitted_row_count,player_influence_joint_newton,player_influence_joint_newton_abs,player_influence_two_step,player_influence_two_step_abs,degree,bridge_var,closeness,surprise,influence
alpaca-13b,0,0.0,1000.0,0.019352992349530102,0.15065516812036742,2036,0.019458519363422577,0.019458519363422577,0.019458519363422577,0.019458519363422577,1018,0.6094417481540468,1.227438989474723,0.34809347579030286,0.15065516812036742
llama-13b,5,-0.6198917509578855,892.3137732726582,-0.008595355488746452,0.1259100231159191,2166,-0.01784197701335888,0.01784197701335888,-0.01784197701335888,0.01784197701335888,1083,0.3499733587449223,1.7796530945965672,0.25315271220478114,0.1259100231159191
vicuna-13b-v1.2,4,0.7259686641196035,1126.1136739447277,0.008998922905385036,0.23382105640827947,2212,0.012693466365406914,0.012693466365406914,0.012693466365406914,0.012693466365406914,1106,0.8603956799321687,0.8887109113562756,0.41277227235959635,0.23382105640827947
gpt-4,3,1.8739370771078587,1325.5362128087406,-0.00030551669990268337,0.23820524412863373,2058,-0.0008066846281437057,0.0008066846281437057,-0.0008066846281437057,0.0008066846281437057,1029,0.6647429829326716,1.2371322518390526,0.3501317654533209,0.23820524412863373
gpt-3.5-turbo,2,1.4345790340397746,1249.2119033350286,-0.01288050532074059,0.6095890498633295,2956,-1.816016128042275e-05,1.816016128042275e-05,-1.816016128042275e-05,1.816016128042275e-05,1478,0.7520696508942143,0.9585400169211861,0.3845002043385447,0.6095890498633295
claude-v1,1,1.3405438682804034,1232.8763218973677,-0.006497603000069626,0.6026418068774874,1992,3.0443960634674028e-06,3.0443960634674028e-06,3.0443960634674028e-06,3.0443960634674028e-06,996,0.8976306603507612,0.9009629350435807,0.3847253334471716,0.6026418068774874
